Date,City,AQI,PM2.5,PM10,NO2,SO2,CO
2025-07-25,Delhi,100,41,73,32,17,1.15
2025-07-26,Delhi,79,45,63,23,17,1.21
2025-07-27,Delhi,79,30,55,26,14,1.26
2025-07-28,Delhi,59,36,42,13,9,0.67
2025-07-29,Delhi,85,35,64,25,15,0.66
2025-07-30,Delhi,90,47,57,31,18,2.23
2025-07-31,Delhi,116,53,82,37,21,1.61
2025-08-01,Delhi,110,61,89,31,23,2.17
2025-08-02,Delhi,72,30,46,21,15,2.14
2025-08-03,Delhi,76,42,49,20,18,1.12
2025-08-04,Delhi,122,65,87,36,24,1.49
2025-08-05,Delhi,76,42,65,21,15,1.51
2025-08-06,Delhi,83,44,47,24,13,0.81
2025-08-07,Delhi,76,37,44,23,17,1.2
2025-08-08,Delhi,80,46,60,20,13,1.42
2025-08-09,Delhi,84,46,65,27,14,2.25
2025-08-10,Delhi,107,60,83,36,20,0.82
2025-08-11,Delhi,87,44,55,26,16,1.67
2025-08-12,Delhi,59,33,42,20,11,1.25
2025-08-13,Delhi,128,59,89,41,25,1.56
2025-08-14,Delhi,85,47,60,30,16,2.44
2025-08-15,Delhi,76,40,45,25,15,2.42
2025-08-16,Delhi,110,59,87,33,21,1.45
2025-08-17,Delhi,111,46,76,29,23,1.84
2025-08-18,Delhi,75,44,45,26,12,1.68
2025-08-19,Delhi,98,57,78,24,19,1.2
2025-08-20,Delhi,123,61,90,36,27,0.55
2025-08-21,Delhi,70,32,53,25,13,1.69
2025-08-22,Delhi,50,24,40,16,12,0.92
2025-08-23,Delhi,116,52,76,34,22,0.6
2025-07-25,Mumbai,100,40,56,27,19,2.36
2025-07-26,Mumbai,61,34,40,13,14,1.94
2025-07-27,Mumbai,95,45,52,24,20,1.82
2025-07-28,Mumbai,115,62,94,37,24,0.86
2025-07-29,Mumbai,82,33,54,28,15,1.31
2025-07-30,Mumbai,77,41,58,22,16,0.78
2025-07-31,Mumbai,102,56,73,28,20,2.39
2025-08-01,Mumbai,80,48,52,19,18,0.59
2025-08-02,Mumbai,129,61,77,35,26,2.48
2025-08-03,Mumbai,94,49,71,27,16,1.6
2025-08-04,Mumbai,100,52,83,27,22,1.81
2025-08-05,Mumbai,87,34,64,23,19,1.23
2025-08-06,Mumbai,76,28,62,27,14,1.61
2025-08-07,Mumbai,42,30,37,8,9,0.89
2025-08-08,Mumbai,92,48,63,31,15,2.13
2025-08-09,Mumbai,112,47,71,36,23,2.44
2025-08-10,Mumbai,108,62,84,36,20,0.89
2025-08-11,Mumbai,94,48,80,30,18,1.35
2025-08-12,Mumbai,95,40,65,24,19,2.19
2025-08-13,Mumbai,104,46,65,28,18,1.2
2025-08-14,Mumbai,97,55,58,33,17,0.86
2025-08-15,Mumbai,101,42,58,34,20,1.84
2025-08-16,Mumbai,109,45,89,32,20,0.72
2025-08-17,Mumbai,75,34,66,26,13,0.55
2025-08-18,Mumbai,93,39,64,27,18,2.44
2025-08-19,Mumbai,61,39,28,18,9,2.36
2025-08-20,Mumbai,95,38,63,30,17,2.31
2025-08-21,Mumbai,108,53,74,27,18,0.56
2025-08-22,Mumbai,110,59,65,36,22,0.86
2025-08-23,Mumbai,90,51,71,27,18,2.12
2025-07-25,Chennai,113,49,87,35,22,2.43
2025-07-26,Chennai,139,63,102,37,30,0.55
2025-07-27,Chennai,114,64,73,38,20,1.88
2025-07-28,Chennai,108,55,62,30,20,1.41
2025-07-29,Chennai,133,65,82,43,28,2.11
2025-07-30,Chennai,116,53,83,32,24,1.52
2025-07-31,Chennai,123,66,89,39,25,0.73
2025-08-01,Chennai,99,43,55,31,18,1.32
2025-08-02,Chennai,109,60,67,34,19,1.49
2025-08-03,Chennai,109,50,72,35,23,2.35
2025-08-04,Chennai,160,83,109,46,33,1.07
2025-08-05,Chennai,130,70,93,41,27,0.72
2025-08-06,Chennai,116,54,71,31,21,0.68
2025-08-07,Chennai,178,89,118,55,32,2.42
2025-08-08,Chennai,135,74,84,36,26,2.28
2025-08-09,Chennai,125,57,96,33,25,1.89
2025-08-10,Chennai,126,54,99,35,26,0.71
2025-08-11,Chennai,137,68,101,44,25,2.22
2025-08-12,Chennai,87,39,71,28,18,2.01
2025-08-13,Chennai,127,55,99,34,24,0.66
2025-08-14,Chennai,107,49,81,31,23,1.97
2025-08-15,Chennai,121,69,93,38,21,0.57
2025-08-16,Chennai,158,86,102,52,34,1.15
2025-08-17,Chennai,139,61,103,40,26,0.7
2025-08-18,Chennai,130,65,85,34,27,0.52
2025-08-19,Chennai,137,72,101,40,27,1.13
2025-08-20,Chennai,125,55,80,42,26,1.02
2025-08-21,Chennai,136,76,107,42,27,2.17
2025-08-22,Chennai,77,29,53,23,17,0.76
2025-08-23,Chennai,162,90,126,45,34,1.34
2025-07-25,Kolkata,208,106,131,65,41,1.38
2025-07-26,Kolkata,191,85,146,62,39,0.67
2025-07-27,Kolkata,185,95,123,56,38,1.14
2025-07-28,Kolkata,143,81,102,47,26,1.41
2025-07-29,Kolkata,198,96,124,55,38,1.48
2025-07-30,Kolkata,193,97,134,59,36,1.48
2025-07-31,Kolkata,168,83,117,48,36,0.55
2025-08-01,Kolkata,152,76,118,41,31,2.09
2025-08-02,Kolkata,159,71,104,48,30,2.45
2025-08-03,Kolkata,157,78,104,43,33,2.35
2025-08-04,Kolkata,177,86,120,52,36,2.26
2025-08-05,Kolkata,190,101,133,55,40,1.17
2025-08-06,Kolkata,191,103,139,60,38,0.63
2025-08-07,Kolkata,199,90,149,61,41,1.9
2025-08-08,Kolkata,171,78,126,56,33,1.26
2025-08-09,Kolkata,213,101,161,68,41,0.65
2025-08-10,Kolkata,177,93,115,50,33,2.12
2025-08-11,Kolkata,207,110,157,67,42,1.36
2025-08-12,Kolkata,165,83,124,51,33,2.34
2025-08-13,Kolkata,192,101,147,55,39,2.35
2025-08-14,Kolkata,197,103,131,56,39,1.24
2025-08-15,Kolkata,180,86,137,53,36,1.33
2025-08-16,Kolkata,166,76,129,50,32,2.37
2025-08-17,Kolkata,182,90,120,54,38,1.33
2025-08-18,Kolkata,165,75,125,50,33,2.38
2025-08-19,Kolkata,176,88,123,51,32,0.97
2025-08-20,Kolkata,179,81,135,50,36,1.2
2025-08-21,Kolkata,165,82,115,46,34,1.31
2025-08-22,Kolkata,166,81,123,51,30,0.93
2025-08-23,Kolkata,177,87,110,52,32,1.13
2025-07-25,Bengaluru,111,61,72,30,19,0.5
2025-07-26,Bengaluru,56,28,49,14,12,1.6
2025-07-27,Bengaluru,88,43,60,22,17,1.81
2025-07-28,Bengaluru,105,55,83,33,18,1.57
2025-07-29,Bengaluru,113,60,65,36,23,1.29
2025-07-30,Bengaluru,66,40,50,21,15,1.15
2025-07-31,Bengaluru,134,76,94,41,24,1.08
2025-08-01,Bengaluru,83,35,45,22,18,1.13
2025-08-02,Bengaluru,85,37,61,21,17,1.26
2025-08-03,Bengaluru,90,48,51,31,16,1.73
2025-08-04,Bengaluru,112,63,89,37,19,2.25
2025-08-05,Bengaluru,104,46,61,32,23,0.99
2025-08-06,Bengaluru,93,46,59,27,18,2.25
2025-08-07,Bengaluru,85,35,69,29,19,2.02
2025-08-08,Bengaluru,119,51,77,32,25,1.84
2025-08-09,Bengaluru,106,55,68,31,18,2.16
2025-08-10,Bengaluru,71,38,38,24,15,1.89
2025-08-11,Bengaluru,76,44,48,25,14,0.89
2025-08-12,Bengaluru,147,77,112,45,27,2.34
2025-08-13,Bengaluru,73,36,43,20,13,1.99
2025-08-14,Bengaluru,91,53,77,24,19,0.89
2025-08-15,Bengaluru,79,45,62,24,16,1.05
2025-08-16,Bengaluru,96,44,76,32,19,0.98
2025-08-17,Bengaluru,113,59,76,37,21,1.4
2025-08-18,Bengaluru,90,49,53,31,18,0.99
2025-08-19,Bengaluru,73,39,40,19,11,1.01
2025-08-20,Bengaluru,95,51,54,33,17,1.71
2025-08-21,Bengaluru,74,32,38,17,16,1.23
2025-08-22,Bengaluru,127,67,76,35,23,2.38
2025-08-23,Bengaluru,118,66,79,36,24,1.1
2025-07-25,Hyderabad,136,77,80,37,25,2.22
2025-07-26,Hyderabad,170,91,112,53,36,0.81
2025-07-27,Hyderabad,156,72,105,43,31,2.28
2025-07-28,Hyderabad,193,99,142,60,41,1.58
2025-07-29,Hyderabad,140,77,103,41,26,0.71
2025-07-30,Hyderabad,160,80,115,46,32,1.18
2025-07-31,Hyderabad,141,75,98,41,30,0.57
2025-08-01,Hyderabad,162,76,128,44,29,2.15
2025-08-02,Hyderabad,167,80,118,52,31,2.14
2025-08-03,Hyderabad,139,75,104,42,29,1.92
2025-08-04,Hyderabad,147,70,110,42,31,1.07
2025-08-05,Hyderabad,180,85,133,57,34,0.81
2025-08-06,Hyderabad,160,87,110,51,29,2.42
2025-08-07,Hyderabad,136,68,85,38,24,0.72
2025-08-08,Hyderabad,140,66,103,43,29,2.18
2025-08-09,Hyderabad,156,73,97,43,29,1.17
2025-08-10,Hyderabad,166,74,128,45,31,1.84
2025-08-11,Hyderabad,189,94,135,54,39,1.71
2025-08-12,Hyderabad,174,77,131,53,35,2.18
2025-08-13,Hyderabad,156,71,116,46,31,0.65
2025-08-14,Hyderabad,168,89,105,50,34,2.16
2025-08-15,Hyderabad,185,90,124,56,34,2.04
2025-08-16,Hyderabad,172,89,111,51,32,0.83
2025-08-17,Hyderabad,162,79,115,50,29,2.06
2025-08-18,Hyderabad,123,62,87,40,26,0.72
2025-08-19,Hyderabad,171,88,111,52,31,2.12
2025-08-20,Hyderabad,158,71,120,48,31,0.95
2025-08-21,Hyderabad,127,67,101,35,26,1.75
2025-08-22,Hyderabad,139,74,84,44,29,0.92
2025-08-23,Hyderabad,185,89,127,51,34,1.48
2025-07-25,Ahmedabad,99,51,60,29,17,1.83
2025-07-26,Ahmedabad,97,56,69,26,17,1.11
2025-07-27,Ahmedabad,98,54,57,25,20,1.87
2025-07-28,Ahmedabad,91,42,49,31,17,2.08
2025-07-29,Ahmedabad,103,52,57,26,19,1.16
2025-07-30,Ahmedabad,113,54,75,34,25,1.86
2025-07-31,Ahmedabad,118,53,89,31,24,1.8
2025-08-01,Ahmedabad,131,72,86,37,23,1.7
2025-08-02,Ahmedabad,90,52,54,24,17,0.89
2025-08-03,Ahmedabad,115,51,92,37,23,1.35
2025-08-04,Ahmedabad,81,36,53,27,17,0.53
2025-08-05,Ahmedabad,100,56,62,30,21,0.93
2025-08-06,Ahmedabad,68,24,48,24,14,2.08
2025-08-07,Ahmedabad,80,40,65,24,18,0.71
2025-08-08,Ahmedabad,127,54,95,38,25,1.18
2025-08-09,Ahmedabad,74,36,63,26,13,1.17
2025-08-10,Ahmedabad,91,42,56,29,18,1.54
2025-08-11,Ahmedabad,100,57,64,34,21,0.89
2025-08-12,Ahmedabad,85,51,46,26,16,1.0
2025-08-13,Ahmedabad,106,58,85,33,20,1.67
2025-08-14,Ahmedabad,124,56,100,33,25,1.02
2025-08-15,Ahmedabad,103,44,72,28,17,0.86
2025-08-16,Ahmedabad,137,77,102,45,29,2.34
2025-08-17,Ahmedabad,87,40,53,27,19,1.07
2025-08-18,Ahmedabad,69,33,33,23,10,2.11
2025-08-19,Ahmedabad,100,40,60,30,21,2.37
2025-08-20,Ahmedabad,87,42,50,23,14,1.09
2025-08-21,Ahmedabad,127,55,99,42,22,2.05
2025-08-22,Ahmedabad,116,52,76,37,21,2.36
2025-08-23,Ahmedabad,106,55,84,32,24,0.82
2025-07-25,Pune,87,40,57,23,19,0.99
2025-07-26,Pune,99,40,62,30,19,2.36
2025-07-27,Pune,70,26,55,21,15,1.81
2025-07-28,Pune,88,49,55,26,18,2.08
2025-07-29,Pune,110,63,63,37,22,1.94
2025-07-30,Pune,119,60,72,32,23,0.63
2025-07-31,Pune,90,50,57,30,18,1.63
2025-08-01,Pune,101,46,82,32,22,0.84
2025-08-02,Pune,118,66,74,32,25,0.84
2025-08-03,Pune,71,26,62,22,13,1.83
2025-08-04,Pune,111,62,73,36,23,1.6
2025-08-05,Pune,98,45,67,33,20,2.15
2025-08-06,Pune,105,50,59,30,23,1.87
2025-08-07,Pune,88,48,59,24,20,1.45
2025-08-08,Pune,87,35,53,24,16,1.62
2025-08-09,Pune,143,70,89,46,25,1.86
2025-08-10,Pune,113,63,74,35,20,2.48
2025-08-11,Pune,109,61,76,29,21,1.17
2025-08-12,Pune,67,38,34,24,10,1.84
2025-08-13,Pune,78,39,48,21,14,1.87
2025-08-14,Pune,126,58,87,32,26,0.68
2025-08-15,Pune,114,54,76,32,25,1.43
2025-08-16,Pune,116,51,93,37,24,0.94
2025-08-17,Pune,96,51,73,32,21,1.33
2025-08-18,Pune,94,37,62,26,16,1.39
2025-08-19,Pune,123,65,80,33,26,2.31
2025-08-20,Pune,90,53,52,22,15,1.81
2025-08-21,Pune,72,35,57,18,13,1.06
2025-08-22,Pune,100,43,58,31,19,2.15
2025-08-23,Pune,98,50,82,25,22,2.06
2025-07-25,Jaipur,130,69,101,41,27,1.2
2025-07-26,Jaipur,96,38,54,27,16,2.31
2025-07-27,Jaipur,86,41,66,23,18,0.57
2025-07-28,Jaipur,85,49,52,23,14,2.3
2025-07-29,Jaipur,66,37,60,23,12,2.03
2025-07-30,Jaipur,101,47,80,26,19,2.39
2025-07-31,Jaipur,112,62,92,36,20,0.86
2025-08-01,Jaipur,84,44,60,22,18,1.03
2025-08-02,Jaipur,116,52,66,32,25,1.67
2025-08-03,Jaipur,129,59,93,40,26,1.26
2025-08-04,Jaipur,93,50,50,31,20,1.41
2025-08-05,Jaipur,60,21,41,20,10,1.85
2025-08-06,Jaipur,99,56,79,29,18,1.73
2025-08-07,Jaipur,90,44,69,29,16,1.11
2025-08-08,Jaipur,104,61,71,30,21,1.94
2025-08-09,Jaipur,89,49,70,24,16,2.47
2025-08-10,Jaipur,90,53,66,24,16,1.47
2025-08-11,Jaipur,121,59,76,40,25,1.16
2025-08-12,Jaipur,115,58,84,38,25,0.64
2025-08-13,Jaipur,104,44,76,32,19,0.97
2025-08-14,Jaipur,92,42,54,23,17,0.68
2025-08-15,Jaipur,107,55,61,35,23,1.91
2025-08-16,Jaipur,104,45,60,30,18,1.96
2025-08-17,Jaipur,125,54,88,32,26,2.09
2025-08-18,Jaipur,92,41,53,29,17,0.85
2025-08-19,Jaipur,86,48,58,27,16,1.3
2025-08-20,Jaipur,76,30,57,17,15,2.18
2025-08-21,Jaipur,131,59,92,34,28,1.48
2025-08-22,Jaipur,82,40,62,22,13,2.5
2025-08-23,Jaipur,110,61,71,32,20,1.44
2025-07-25,Lucknow,123,53,77,34,25,1.12
2025-07-26,Lucknow,141,64,92,44,26,2.29
2025-07-27,Lucknow,87,40,66,30,19,2.46
2025-07-28,Lucknow,136,71,81,37,25,0.91
2025-07-29,Lucknow,82,31,69,21,19,1.62
2025-07-30,Lucknow,141,79,106,46,27,0.6
2025-07-31,Lucknow,114,49,92,29,21,1.12
2025-08-01,Lucknow,122,54,96,38,27,2.41
2025-08-02,Lucknow,125,57,81,38,26,1.89
2025-08-03,Lucknow,86,40,63,23,16,0.58
2025-08-04,Lucknow,105,44,85,35,23,2.44
2025-08-05,Lucknow,147,66,96,43,27,0.69
2025-08-06,Lucknow,142,73,92,40,31,2.32
2025-08-07,Lucknow,92,53,68,27,15,1.48
2025-08-08,Lucknow,127,72,102,34,23,0.55
2025-08-09,Lucknow,97,47,62,25,17,2.21
2025-08-10,Lucknow,95,40,63,30,18,0.65
2025-08-11,Lucknow,101,51,82,27,22,1.19
2025-08-12,Lucknow,157,75,123,45,28,1.59
2025-08-13,Lucknow,107,51,63,31,18,0.9
2025-08-14,Lucknow,134,62,106,38,28,2.22
2025-08-15,Lucknow,82,43,54,26,17,2.38
2025-08-16,Lucknow,92,46,52,23,20,1.39
2025-08-17,Lucknow,111,58,72,33,22,0.81
2025-08-18,Lucknow,97,41,66,24,19,1.85
2025-08-19,Lucknow,101,48,61,33,21,2.3
2025-08-20,Lucknow,113,49,87,32,21,1.38
2025-08-21,Lucknow,132,64,88,39,25,1.46
2025-08-22,Lucknow,123,54,81,33,24,1.17
2025-08-23,Lucknow,102,55,74,26,22,2.13
2025-07-25,Kanpur,90,50,57,27,19,2.39
2025-07-26,Kanpur,94,49,74,23,16,2.33
2025-07-27,Kanpur,38,21,22,9,10,1.17
2025-07-28,Kanpur,41,25,21,8,10,1.26
2025-07-29,Kanpur,76,34,45,24,17,1.47
2025-07-30,Kanpur,55,22,28,20,13,1.48
2025-07-31,Kanpur,72,43,60,24,15,1.33
2025-08-01,Kanpur,45,31,30,16,11,2.13
2025-08-02,Kanpur,58,36,39,17,11,1.96
2025-08-03,Kanpur,42,13,24,9,7,1.53
2025-08-04,Kanpur,30,8,33,7,4,1.16
2025-08-05,Kanpur,71,37,52,17,12,1.16
2025-08-06,Kanpur,71,32,44,25,12,0.76
2025-08-07,Kanpur,45,20,35,10,8,1.78
2025-08-08,Kanpur,37,8,13,15,6,0.64
2025-08-09,Kanpur,49,17,34,19,9,2.43
2025-08-10,Kanpur,47,30,46,11,10,1.4
2025-08-11,Kanpur,66,29,47,18,12,1.03
2025-08-12,Kanpur,78,36,60,27,12,0.57
2025-08-13,Kanpur,69,33,44,17,15,0.89
2025-08-14,Kanpur,62,33,33,19,12,0.82
2025-08-15,Kanpur,55,27,50,15,10,1.92
2025-08-16,Kanpur,77,44,58,21,14,2.13
2025-08-17,Kanpur,56,24,45,21,9,2.0
2025-08-18,Kanpur,64,33,37,22,15,0.77
2025-08-19,Kanpur,47,30,46,9,8,2.16
2025-08-20,Kanpur,69,33,37,22,11,0.63
2025-08-21,Kanpur,95,42,53,23,16,1.77
2025-08-22,Kanpur,49,15,24,11,8,1.71
2025-08-23,Kanpur,95,39,76,26,16,1.12
2025-07-25,Nagpur,89,35,56,27,17,1.88
2025-07-26,Nagpur,118,59,67,35,25,2.43
2025-07-27,Nagpur,153,85,102,41,30,0.73
2025-07-28,Nagpur,116,64,71,36,22,0.7
2025-07-29,Nagpur,128,72,96,41,28,0.74
2025-07-30,Nagpur,128,57,90,39,26,0.89
2025-07-31,Nagpur,131,57,77,40,27,0.76
2025-08-01,Nagpur,173,88,126,50,33,1.95
2025-08-02,Nagpur,154,73,114,47,28,1.8
2025-08-03,Nagpur,131,66,100,43,26,2.36
2025-08-04,Nagpur,156,73,105,45,29,2.34
2025-08-05,Nagpur,177,89,125,55,33,2.22
2025-08-06,Nagpur,112,65,90,29,24,0.85
2025-08-07,Nagpur,135,72,90,40,26,1.14
2025-08-08,Nagpur,169,77,129,47,34,1.86
2025-08-09,Nagpur,164,84,116,47,29,1.64
2025-08-10,Nagpur,177,95,136,50,36,2.18
2025-08-11,Nagpur,114,52,69,31,20,2.39
2025-08-12,Nagpur,139,68,86,39,24,0.77
2025-08-13,Nagpur,121,65,84,40,25,0.7
2025-08-14,Nagpur,146,79,93,41,32,2.46
2025-08-15,Nagpur,172,77,113,54,33,1.69
2025-08-16,Nagpur,168,93,127,47,35,1.04
2025-08-17,Nagpur,139,69,99,37,30,1.49
2025-08-18,Nagpur,135,64,82,42,28,1.21
2025-08-19,Nagpur,171,84,114,56,33,0.62
2025-08-20,Nagpur,120,65,82,38,24,1.19
2025-08-21,Nagpur,153,74,103,50,32,2.4
2025-08-22,Nagpur,136,71,82,39,24,2.04
2025-08-23,Nagpur,139,73,90,46,29,1.27
2025-07-25,Indore,202,106,150,57,38,1.99
2025-07-26,Indore,186,93,119,58,34,1.96
2025-07-27,Indore,186,85,144,58,35,1.6
2025-07-28,Indore,149,70,99,41,29,1.8
2025-07-29,Indore,187,83,129,56,39,2.19
2025-07-30,Indore,190,87,143,59,38,0.65
2025-07-31,Indore,201,101,150,57,40,2.35
2025-08-01,Indore,208,111,131,62,41,1.61
2025-08-02,Indore,202,99,155,58,38,1.38
2025-08-03,Indore,199,91,149,63,37,1.59
2025-08-04,Indore,186,100,141,51,35,1.78
2025-08-05,Indore,144,69,85,42,30,1.83
2025-08-06,Indore,185,96,136,52,38,1.81
2025-08-07,Indore,174,90,131,56,32,1.43
2025-08-08,Indore,187,90,120,52,39,0.57
2025-08-09,Indore,179,81,127,49,37,1.1
2025-08-10,Indore,208,105,159,61,41,1.82
2025-08-11,Indore,207,101,145,60,38,1.06
2025-08-12,Indore,145,71,106,48,27,0.55
2025-08-13,Indore,163,75,128,47,33,0.5
2025-08-14,Indore,171,94,111,46,31,1.3
2025-08-15,Indore,179,96,113,51,32,1.42
2025-08-16,Indore,194,97,145,56,37,1.19
2025-08-17,Indore,171,93,111,52,32,2.43
2025-08-18,Indore,214,100,152,64,45,1.47
2025-08-19,Indore,189,101,143,55,35,2.11
2025-08-20,Indore,213,107,139,62,41,2.47
2025-08-21,Indore,194,101,123,57,37,1.09
2025-08-22,Indore,173,78,127,49,36,1.92
2025-08-23,Indore,147,74,96,46,26,1.12
2025-07-25,Patna,58,36,31,20,11,2.01
2025-07-26,Patna,86,46,74,27,16,0.61
2025-07-27,Patna,112,50,86,28,25,0.96
2025-07-28,Patna,124,57,89,34,25,0.61
2025-07-29,Patna,59,36,55,12,8,1.92
2025-07-30,Patna,84,47,59,25,14,1.9
2025-07-31,Patna,87,42,48,23,14,2.26
2025-08-01,Patna,97,41,71,29,20,1.76
2025-08-02,Patna,114,55,78,31,20,0.58
2025-08-03,Patna,56,32,42,11,9,2.34
2025-08-04,Patna,89,38,66,28,20,2.06
2025-08-05,Patna,107,53,87,34,23,1.85
2025-08-06,Patna,110,52,84,32,22,1.29
2025-08-07,Patna,110,49,66,33,19,1.91
2025-08-08,Patna,97,57,53,32,18,0.77
2025-08-09,Patna,119,60,86,36,21,1.03
2025-08-10,Patna,116,53,84,33,22,1.83
2025-08-11,Patna,100,48,64,30,22,0.74
2025-08-12,Patna,68,39,48,20,16,1.69
2025-08-13,Patna,109,47,65,33,20,1.25
2025-08-14,Patna,79,32,53,25,17,1.34
2025-08-15,Patna,76,38,64,24,13,0.91
2025-08-16,Patna,130,63,101,42,26,2.01
2025-08-17,Patna,63,29,50,22,12,2.04
2025-08-18,Patna,80,37,65,26,16,2.14
2025-08-19,Patna,69,35,49,22,12,2.46
2025-08-20,Patna,95,42,78,33,21,2.37
2025-08-21,Patna,123,59,86,32,26,0.75
2025-08-22,Patna,81,32,47,27,15,0.76
2025-08-23,Patna,117,56,77,37,24,1.09
2025-07-25,Bhopal,190,101,136,56,35,1.0
2025-07-26,Bhopal,205,99,147,62,43,1.32
2025-07-27,Bhopal,177,89,113,52,35,1.03
2025-07-28,Bhopal,171,79,115,49,32,2.22
2025-07-29,Bhopal,169,92,107,48,32,2.27
2025-07-30,Bhopal,167,92,105,50,33,2.18
2025-07-31,Bhopal,165,75,116,46,34,0.56
2025-08-01,Bhopal,170,90,109,51,32,1.64
2025-08-02,Bhopal,178,81,114,55,37,2.1
2025-08-03,Bhopal,176,96,113,48,36,1.55
2025-08-04,Bhopal,170,89,127,48,33,1.53
2025-08-05,Bhopal,180,81,118,55,35,1.93
2025-08-06,Bhopal,157,82,108,45,33,1.82
2025-08-07,Bhopal,147,76,113,40,30,1.83
2025-08-08,Bhopal,200,98,149,63,38,1.65
2025-08-09,Bhopal,155,77,111,46,33,0.86
2025-08-10,Bhopal,208,108,135,58,41,0.72
2025-08-11,Bhopal,201,92,153,64,42,0.67
2025-08-12,Bhopal,186,97,129,59,35,0.76
2025-08-13,Bhopal,141,80,89,42,30,1.72
2025-08-14,Bhopal,176,84,124,51,37,1.32
2025-08-15,Bhopal,178,93,136,53,38,1.99
2025-08-16,Bhopal,201,96,131,63,39,1.9
2025-08-17,Bhopal,147,67,104,42,26,1.84
2025-08-18,Bhopal,202,97,148,57,41,1.67
2025-08-19,Bhopal,184,88,115,55,36,1.23
2025-08-20,Bhopal,160,89,111,45,33,0.82
2025-08-21,Bhopal,180,85,120,53,35,1.16
2025-08-22,Bhopal,177,80,118,48,35,0.81
2025-08-23,Bhopal,174,87,118,48,37,1.21
2025-07-25,Chandigarh,133,68,82,41,28,2.44
2025-07-26,Chandigarh,131,66,88,41,24,0.9
2025-07-27,Chandigarh,128,56,98,43,26,1.8
2025-07-28,Chandigarh,124,61,75,40,26,1.61
2025-07-29,Chandigarh,164,77,107,50,30,1.48
2025-07-30,Chandigarh,124,68,82,32,22,0.9
2025-07-31,Chandigarh,142,63,96,38,27,2.33
2025-08-01,Chandigarh,139,68,101,38,25,1.29
2025-08-02,Chandigarh,126,67,76,35,25,0.99
2025-08-03,Chandigarh,143,81,105,47,27,0.73
2025-08-04,Chandigarh,154,69,106,45,32,1.92
2025-08-05,Chandigarh,146,77,111,42,26,2.21
2025-08-06,Chandigarh,142,77,110,38,29,0.72
2025-08-07,Chandigarh,127,60,85,33,27,1.4
2025-08-08,Chandigarh,189,101,146,52,36,1.68
2025-08-09,Chandigarh,138,69,101,44,25,1.73
2025-08-10,Chandigarh,141,70,107,43,25,1.58
2025-08-11,Chandigarh,117,58,85,31,22,1.96
2025-08-12,Chandigarh,143,79,100,44,26,0.7
2025-08-13,Chandigarh,135,68,82,44,25,0.6
2025-08-14,Chandigarh,124,54,92,36,25,2.38
2025-08-15,Chandigarh,113,47,75,37,21,1.38
2025-08-16,Chandigarh,131,63,88,41,27,1.18
2025-08-17,Chandigarh,134,70,105,36,28,1.4
2025-08-18,Chandigarh,142,79,93,47,29,1.47
2025-08-19,Chandigarh,141,77,111,38,29,2.45
2025-08-20,Chandigarh,141,71,96,44,27,0.61
2025-08-21,Chandigarh,143,74,113,40,29,2.26
2025-08-22,Chandigarh,147,68,95,48,27,1.25
2025-08-23,Chandigarh,145,78,89,44,29,1.65
2025-07-25,Guwahati,193,96,138,54,39,2.2
2025-07-26,Guwahati,161,74,98,44,31,0.74
2025-07-27,Guwahati,190,101,125,60,35,0.6
2025-07-28,Guwahati,199,96,133,62,41,2.06
2025-07-29,Guwahati,196,107,133,61,39,2.38
2025-07-30,Guwahati,210,96,160,60,43,1.02
2025-07-31,Guwahati,172,87,106,47,32,0.8
2025-08-01,Guwahati,196,101,150,56,38,2.12
2025-08-02,Guwahati,199,106,125,56,36,1.82
2025-08-03,Guwahati,205,94,151,65,43,0.7
2025-08-04,Guwahati,144,78,110,42,27,0.99
2025-08-05,Guwahati,178,82,135,52,32,1.76
2025-08-06,Guwahati,164,80,120,52,29,0.71
2025-08-07,Guwahati,167,83,128,48,34,1.28
2025-08-08,Guwahati,188,96,137,58,35,1.99
2025-08-09,Guwahati,172,93,119,55,36,2.12
2025-08-10,Guwahati,203,100,142,65,38,2.29
2025-08-11,Guwahati,191,91,121,61,37,1.34
2025-08-12,Guwahati,188,97,119,52,35,1.13
2025-08-13,Guwahati,194,99,148,56,37,0.62
2025-08-14,Guwahati,208,110,135,61,41,0.57
2025-08-15,Guwahati,187,91,138,52,34,1.05
2025-08-16,Guwahati,197,102,134,55,39,0.64
2025-08-17,Guwahati,196,102,148,55,37,0.62
2025-08-18,Guwahati,180,90,137,50,38,2.4
2025-08-19,Guwahati,187,100,142,52,36,1.77
2025-08-20,Guwahati,204,95,134,58,41,1.67
2025-08-21,Guwahati,188,85,122,54,37,0.83
2025-08-22,Guwahati,206,103,158,57,43,0.91
2025-08-23,Guwahati,232,123,169,66,49,0.83
2025-07-25,Thiruvananthapuram,111,55,63,31,21,1.21
2025-07-26,Thiruvananthapuram,96,48,69,29,21,2.29
2025-07-27,Thiruvananthapuram,105,42,62,27,22,2.28
2025-07-28,Thiruvananthapuram,82,38,61,22,17,1.89
2025-07-29,Thiruvananthapuram,101,43,62,32,21,2.03
2025-07-30,Thiruvananthapuram,102,54,70,28,17,2.23
2025-07-31,Thiruvananthapuram,80,43,63,20,13,1.9
2025-08-01,Thiruvananthapuram,119,59,83,39,23,2.41
2025-08-02,Thiruvananthapuram,97,47,73,34,18,1.09
2025-08-03,Thiruvananthapuram,106,56,63,29,21,0.91
2025-08-04,Thiruvananthapuram,99,45,61,26,21,1.07
2025-08-05,Thiruvananthapuram,114,64,73,38,25,1.14
2025-08-06,Thiruvananthapuram,118,64,83,37,24,1.13
2025-08-07,Thiruvananthapuram,75,39,66,19,14,0.94
2025-08-08,Thiruvananthapuram,121,55,94,38,23,0.74
2025-08-09,Thiruvananthapuram,100,52,82,29,18,2.14
2025-08-10,Thiruvananthapuram,118,62,89,40,23,0.99
2025-08-11,Thiruvananthapuram,96,50,73,33,18,2.5
2025-08-12,Thiruvananthapuram,165,74,127,52,31,1.02
2025-08-13,Thiruvananthapuram,95,55,76,26,18,1.57
2025-08-14,Thiruvananthapuram,96,39,81,31,17,1.77
2025-08-15,Thiruvananthapuram,97,49,54,31,17,0.73
2025-08-16,Thiruvananthapuram,98,50,59,32,19,0.61
2025-08-17,Thiruvananthapuram,125,56,78,42,22,1.21
2025-08-18,Thiruvananthapuram,97,49,79,27,21,1.39
2025-08-19,Thiruvananthapuram,108,46,87,32,19,1.0
2025-08-20,Thiruvananthapuram,90,45,65,26,20,1.57
2025-08-21,Thiruvananthapuram,131,61,77,40,26,1.12
2025-08-22,Thiruvananthapuram,118,64,82,36,25,1.19
2025-08-23,Thiruvananthapuram,84,44,63,28,17,1.06
2025-07-25,Visakhapatnam,199,95,132,55,36,0.62
2025-07-26,Visakhapatnam,211,102,144,61,39,2.24
2025-07-27,Visakhapatnam,183,83,135,51,36,2.29
2025-07-28,Visakhapatnam,215,103,142,68,44,1.69
2025-07-29,Visakhapatnam,166,89,105,49,31,0.67
2025-07-30,Visakhapatnam,185,84,120,59,35,1.0
2025-07-31,Visakhapatnam,182,89,138,55,34,1.01
2025-08-01,Visakhapatnam,213,112,139,64,43,1.7
2025-08-02,Visakhapatnam,218,99,148,66,43,0.81
2025-08-03,Visakhapatnam,198,100,131,58,39,2.12
2025-08-04,Visakhapatnam,207,108,135,66,38,1.12
2025-08-05,Visakhapatnam,187,97,120,57,35,1.36
2025-08-06,Visakhapatnam,183,89,139,50,38,2.22
2025-08-07,Visakhapatnam,201,95,145,59,42,1.19
2025-08-08,Visakhapatnam,161,77,103,45,33,1.59
2025-08-09,Visakhapatnam,177,86,125,54,33,2.21
2025-08-10,Visakhapatnam,189,102,122,57,38,1.81
2025-08-11,Visakhapatnam,203,97,138,64,41,1.75
2025-08-12,Visakhapatnam,183,94,113,51,39,2.37
2025-08-13,Visakhapatnam,213,103,157,60,43,2.49
2025-08-14,Visakhapatnam,201,103,133,55,37,2.37
2025-08-15,Visakhapatnam,153,73,107,47,28,2.21
2025-08-16,Visakhapatnam,187,99,126,54,40,1.46
2025-08-17,Visakhapatnam,184,91,131,59,39,0.97
2025-08-18,Visakhapatnam,194,89,124,61,41,1.52
2025-08-19,Visakhapatnam,170,78,120,55,36,2.16
2025-08-20,Visakhapatnam,204,110,140,61,38,0.92
2025-08-21,Visakhapatnam,211,112,147,62,40,1.21
2025-08-22,Visakhapatnam,207,105,137,66,40,1.23
2025-08-23,Visakhapatnam,194,97,133,54,38,1.04
2025-07-25,Coimbatore,87,40,67,22,14,0.55
2025-07-26,Coimbatore,88,40,47,24,16,0.61
2025-07-27,Coimbatore,72,38,46,17,13,2.49
2025-07-28,Coimbatore,90,49,77,27,16,2.35
2025-07-29,Coimbatore,67,42,46,18,13,1.03
2025-07-30,Coimbatore,33,22,32,8,4,2.35
2025-07-31,Coimbatore,104,57,59,28,20,1.02
2025-08-01,Coimbatore,75,44,44,19,16,2.37
2025-08-02,Coimbatore,121,50,77,36,23,2.12
2025-08-03,Coimbatore,74,33,46,26,14,0.87
2025-08-04,Coimbatore,80,49,54,22,14,1.37
2025-08-05,Coimbatore,77,33,39,20,14,1.03
2025-08-06,Coimbatore,87,35,74,26,19,1.84
2025-08-07,Coimbatore,106,51,64,27,20,1.48
2025-08-08,Coimbatore,77,35,67,24,18,1.17
2025-08-09,Coimbatore,81,34,66,25,17,1.09
2025-08-10,Coimbatore,73,40,57,22,15,1.97
2025-08-11,Coimbatore,70,28,35,17,11,2.2
2025-08-12,Coimbatore,102,52,57,30,19,2.37
2025-08-13,Coimbatore,46,32,42,13,11,0.94
2025-08-14,Coimbatore,69,39,34,20,14,0.75
2025-08-15,Coimbatore,71,32,46,17,12,0.75
2025-08-16,Coimbatore,110,64,84,33,21,2.1
2025-08-17,Coimbatore,92,36,52,28,17,1.51
2025-08-18,Coimbatore,69,33,59,16,15,0.51
2025-08-19,Coimbatore,50,15,45,15,12,1.66
2025-08-20,Coimbatore,65,29,37,17,10,2.04
2025-08-21,Coimbatore,79,33,60,24,16,0.75
2025-08-22,Coimbatore,49,26,37,10,7,1.42
2025-08-23,Coimbatore,135,77,93,38,24,1.0
